{
    "high_score": 20,
    "music_volume": 0.26071428571428573,
    "sfx_volume": 0.3142857142857143
}